Resin Code/Original Identifier,Source,Sample,Class1,Class2,Physical State,Alternate names,Melt flow rate,bigSMILES,CAS number,Material Keywords,reference URL,density [g/cm3],crystallinity,SCB [CH3/1000C]
S1476a,NIST Standards,N1476LDPE,PE,LDPE,Pellet,"low density polyethylene','LDPE','polyethylene','1476'",1.23 g/10 min,"{[][$]CC[$],[$]CC([$])[$],[$]CC([$])([$])[$][]}",9002-88-4,"`polyolefins','semicrystalline'",https://www-s.nist.gov/srmors/certificates/1476A.pdf,0.9185,0.312646458,21.2
S1474,NIST Standards,N1474PE,PE,HDPE,Pellet,"high density polyethylene','HDPE','polyethylene','1474'",5.01 g/10 min,{[][$]CC[$][]},9002-88-4,"`polyolefins','semicrystalline','linear','homopolymer'",https://www-s.nist.gov/srmors/certificates/1474b.pdf,,,
S1473,NIST Standards,N1473LDPE,PE,LDPE,Pellet,"low density polyethylene','LDPE','polyethylene','1473'",1.17 g/10 min,"{[][$]CC[$],[$]CC([$])[$],[$]CC([$])([$])[$][]}",9002-88-4,"`polyolefins','semicrystalline'",https://www-s.nist.gov/srmors/certificates/1473c.pdf,0.9165,0.247115123,27.2
,Commercial Supplier,S0081LDPE,PE,LDPE,Pellet,"low density polyethylene','LDPE','polyethylene'",,"{[][$]CC[$],[$]CC([$])[$],[$]CC([$])([$])[$][]}",9002-88-4,"`polyolefins','semicrystalline'",,0.921,0.370844687,23.6
,Commercial Supplier,S0036RPP,PP,PP-co-PE,Pellet,"random polypropylene','PP', 'polypropylene'",,"{[][$]CC(C)[$],[$]CC[$][]}",9003-07-0,"`polyolefins','semicrystalline','copolymer','random'",,0.9095,0.390289715,318.75
,Commercial Supplier,S0024LDPE,PE,LDPE,Pellet,"low density polyethylene','LDPE','polyethylene'",,"{[][$]CC[$],[$]CC([$])[$],[$]CC([$])([$])[$][]}",9002-88-4,"`polyolefins','semicrystalline'",,0.917,0.486852861,28.9
,Commercial Supplier,S0011PP,PP,PP,Pellet,"polypropylene','PP'",,{[][$]CC(C)[$][]},9003-07-0,"`polyolefins','semicrystalline','linear','homopolymer'",,0.9085,0.438083052,331.6
,Commercial Supplier,S0048HDPE,PE,HDPE,Pellet,"high density polyethylene','HDPE','polyethylene'",,{[][$]CC[$][]},9002-88-4,"`polyolefins','semicrystalline','linear','homopolymer'",,0.955,0.603814714,9.7
,Commercial Supplier,S0052PP,PP,PP-co-PE,Pellet,"impact polypropylene','PP', 'polypropylene'",,"{[][$]CC(C)[$],[$]CC[$][]}",9003-07-0,"`polyolefins','semicrystalline','copolymer','random'",,0.8895,0.382844037,293.65
,Commercial Supplier,S0040HDPE,PE,HDPE,Pellet,"high density polyethylene','HDPE','polyethylene'",,{[][$]CC[$][]},9002-88-4,"`polyolefins','semicrystalline','linear','homopolymer'",,0.955,0.62489782,7.35
ULDPE,Hawaii Pacific University Polymers Kit,H0001ULDPE,PE,LDPE,Pellet,"low density polyethylene','LDPE','polyethylene','ULDPE'",,"{[][$]CC[$],[$]CC([$])[$],[$]CC([$])([$])[$][]}",9002-88-4,"`polyolefins','semicrystalline'",https://www.hpu.edu/cncs/cmdr/img/polymerkit1.0_marketingbrochure.pdf,0.9185,0.346253406,15.4
LDPE-1,Hawaii Pacific University Polymers Kit,H0002LDPE,PE,LDPE,Pellet,"low density polyethylene','LDPE','polyethylene','LDPE.1'",,"{[][$]CC[$],[$]CC([$])[$],[$]CC([$])([$])[$][]}",9002-88-4,"`polyolefins','semicrystalline'",https://www.hpu.edu/cncs/cmdr/img/polymerkit1.0_marketingbrochure.pdf,0.9235,0.40023842,27.4
LDPE-2,Hawaii Pacific University Polymers Kit,H0003LDPE,PE,LDPE,Pellet,"low density polyethylene','LDPE','polyethylene','LDPE.2'",,"{[][$]CC[$],[$]CC([$])[$],[$]CC([$])([$])[$][]}",9002-88-4,"`polyolefins','semicrystalline'",https://www.hpu.edu/cncs/cmdr/img/polymerkit1.0_marketingbrochure.pdf,0.9115,0.375817439,28.8
LLDPE-1,Hawaii Pacific University Polymers Kit,H0004LLDPE,PE,LLDPE,Pellet,"linear low density polyethylene','LLDPE','polyethylene','LLDPE.1'",,"{[][$]CC[$],[$]CC({[$][$]C[$][$]}C)[$][]}",9002-88-4,"`polyolefins','semicrystalline','copolymer'",https://www.hpu.edu/cncs/cmdr/img/polymerkit1.0_marketingbrochure.pdf,0.9105,0.427350136,18.6
LLDPE-2,Hawaii Pacific University Polymers Kit,H0005LLDPE,PE,LLDPE,Pellet,"linear low density polyethylene','LLDPE','polyethylene','LLDPE.2'",,"{[][$]CC[$],[$]CC({[$][$]C[$][$]}C)[$][]}",9002-88-4,"`polyolefins','semicrystalline','copolymer'",https://www.hpu.edu/cncs/cmdr/img/polymerkit1.0_marketingbrochure.pdf,0.92,0.329237057,20.2
MDPE,Hawaii Pacific University Polymers Kit,H0006MDPE,PE,MDPE,Pellet,"mid density polyethylene','MDPE','polyethylene'",,"{[][$]CC[$],[$]CC([$])[$],[$]CC([$])([$])[$][]}",9002-88-4,"`polyolefins','semicrystalline'",https://www.hpu.edu/cncs/cmdr/img/polymerkit1.0_marketingbrochure.pdf,0.9335,0.503950954,12.65
HDPE-1,Hawaii Pacific University Polymers Kit,H0007HDPE,PE,HDPE,Pellet,"high density polyethylene','HDPE','polyethylene','HDPE.1'",,{[][$]CC[$][]},9002-88-4,"`polyolefins','semicrystalline','linear','homopolymer'",https://www.hpu.edu/cncs/cmdr/img/polymerkit1.0_marketingbrochure.pdf,0.9525,0.557356948,8.7
HDPE-2,Hawaii Pacific University Polymers Kit,H0008HDPE,PE,HDPE,Pellet,"high density polyethylene','HDPE','polyethylene','HDPE.2'",,{[][$]CC[$][]},9002-88-4,"`polyolefins','semicrystalline','linear','homopolymer'",https://www.hpu.edu/cncs/cmdr/img/polymerkit1.0_marketingbrochure.pdf,0.9555,0.655347411,6.75
PP,Hawaii Pacific University Polymers Kit,H0009PP,PP,PP,Pellet,"polypropylene','PP'",,{[][$]CC(C)[$][]},9003-07-0,"`polyolefins','semicrystalline','linear','homopolymer'",https://www.hpu.edu/cncs/cmdr/img/polymerkit1.0_marketingbrochure.pdf,0.89,0.437889908,312.95
,Commercial Supplier,0HDPE_100PP,blends,HDPE and PP blends,filament,blends of 0% HDPE and 100% PP,,"{[][$]CC[$][]}, {[][$]CC(C)[$][]}",N/A?,"`polyolefins','blends','semicrystalline'",,0.89950628,,345.2333333
,NIST Standards and Commerical Supplier,10HDPE_90PP,blends,HDPE and PP blends,filament,blends of 10% HDPE and 90% PP,,"{[][$]CC[$][]}, {[][$]CC(C)[$][]}",N/A?,"`polyolefins','blends','semicrystalline'",,0.904611895,,303.8666667
,NIST Standards and Commerical Supplier,20HDPE_80PP,blends,HDPE and PP blends,filament,blends of 20% HDPE and 80% PP,,"{[][$]CC[$][]}, {[][$]CC(C)[$][]}",N/A?,"`polyolefins','blends','semicrystalline'",,0.921142285,,268.1666667
,NIST Standards and Commerical Supplier,30HDPE_70PP,blends,HDPE and PP blends,filament,blends of 30% HDPE and 70% PP,,"{[][$]CC[$][]}, {[][$]CC(C)[$][]}",N/A?,"`polyolefins','blends','semicrystalline'",,0.925321027,,236.5
,NIST Standards and Commerical Supplier,40HDPE_60PP,blends,HDPE and PP blends,filament,blends of 40% HDPE and 60% PP,,"{[][$]CC[$][]}, {[][$]CC(C)[$][]}",N/A?,"`polyolefins','blends','semicrystalline'",,0.932648907,,202
,NIST Standards and Commerical Supplier,50HDPE_50PP,blends,HDPE and PP blends,filament,blends of 50% HDPE and 50% PP,,"{[][$]CC[$][]}, {[][$]CC(C)[$][]}",N/A?,"`polyolefins','blends','semicrystalline'",,0.935382366,,164.6666667
,NIST Standards and Commerical Supplier,60HDPE_40PP,blends,HDPE and PP blends,filament,blends of 60% HDPE and 40% PP,,"{[][$]CC[$][]}, {[][$]CC(C)[$][]}",N/A?,"`polyolefins','blends','semicrystalline'",,0.940039509,,131.4
,NIST Standards and Commerical Supplier,70HDPE_30PP,blends,HDPE and PP blends,filament,blends of 70% HDPE and 30% PP,,"{[][$]CC[$][]}, {[][$]CC(C)[$][]}",N/A?,"`polyolefins','blends','semicrystalline'",,0.954004878,,86.55
,NIST Standards and Commerical Supplier,80HDPE_20PP,blends,HDPE and PP blends,filament,blends of 80% HDPE and 20% PP,,"{[][$]CC[$][]}, {[][$]CC(C)[$][]}",N/A?,"`polyolefins','blends','semicrystalline'",,0.949050953,,66.23333333
,NIST Standards and Commerical Supplier,90HDPE_10PP,blends,HDPE and PP blends,filament,blends of 90% HDPE and 10% PP,,"{[][$]CC[$][]}, {[][$]CC(C)[$][]}",N/A?,"`polyolefins','blends','semicrystalline'",,0.953655545,,26.86666667
,NIST Standards and Commerical Supplier,100HDPE_0PP,blends,HDPE and PP blends,filament,blends of 100% HDPE and 0% PP,,"{[][$]CC[$][]}, {[][$]CC(C)[$][]}",N/A?,"`polyolefins','blends','semicrystalline'",,0.959366631,,2.266666667
,Repsol,L_0,blends,HDPE and LDPE blends,pellet,blends of 0% LDPE and 100% HDPE,,"{[][$]CC[$][]}, {[][$]CC[$],[$]CC([$])[$],[$]CC([$])([$])[$][]}",N/A?,"`polyolefins','blends','semicrystalline'",,0.938397448,,5.15
,Repsol,L_10,blends,HDPE and LDPE blends,filament,blends of 10% LDPE and 90% HDPE,,"{[][$]CC[$][]}, {[][$]CC[$],[$]CC([$])[$],[$]CC([$])([$])[$][]}",N/A?,"`polyolefins','blends','semicrystalline'",,0.944340714,,7.9
,Repsol,L_20,blends,HDPE and LDPE blends,filament,blends of 20% LDPE and 80% HDPE,,"{[][$]CC[$][]}, {[][$]CC[$],[$]CC([$])[$],[$]CC([$])([$])[$][]}",N/A?,"`polyolefins','blends','semicrystalline'",,0.943398516,,16.45
,Repsol,L_30,blends,HDPE and LDPE blends,filament,blends of 30% LDPE and 70% HDPE,,"{[][$]CC[$][]}, {[][$]CC[$],[$]CC([$])[$],[$]CC([$])([$])[$][]}",N/A?,"`polyolefins','blends','semicrystalline'",,0.936812368,,12.7
,Repsol,L_50,blends,HDPE and LDPE blends,filament,blends of 50% LDPE and 50% HDPE,,"{[][$]CC[$][]}, {[][$]CC[$],[$]CC([$])[$],[$]CC([$])([$])[$][]}",N/A?,"`polyolefins','blends','semicrystalline'",,0.932230403,,14.45
,Repsol,L_70,blends,HDPE and LDPE blends,filament,blends of 70% LDPE and 30% HDPE,,"{[][$]CC[$][]}, {[][$]CC[$],[$]CC([$])[$],[$]CC([$])([$])[$][]}",N/A?,"`polyolefins','blends','semicrystalline'",,0.926355678,,23.45
,Repsol,L_80,blends,HDPE and LDPE blends,filament,blends of 80% LDPE and 20% HDPE,,"{[][$]CC[$][]}, {[][$]CC[$],[$]CC([$])[$],[$]CC([$])([$])[$][]}",N/A?,"`polyolefins','blends','semicrystalline'",,0.92460771,,16.8
,Repsol,L_90,blends,HDPE and LDPE blends,filament,blends of 90% LDPE and 10% HDPE,,"{[][$]CC[$][]}, {[][$]CC[$],[$]CC([$])[$],[$]CC([$])([$])[$][]}",N/A?,"`polyolefins','blends','semicrystalline'",,0.920275794,,20.35
,Repsol,L_100,blends,HDPE and LDPE blends,pellet,blends of 100% LDPE and 0% HDPE,,"{[][$]CC[$][]}, {[][$]CC[$],[$]CC([$])[$],[$]CC([$])([$])[$][]}",N/A?,"`polyolefins','blends','semicrystalline'",,0.917343655,,26.7